{"kappas_time": [2.8136806847431712, 4.517353099023732, 6.254613137675862, 8.071499233306865, 9.99166200503184, 12.03158794755135], "F_norms_time": [49.578170517997016, 64.00773378134222, 75.73628572708571, 85.87770355363709, 94.94195573906157, 103.21322566158611], "dims_time": [1638, 2457, 3276, 4095, 4914, 5733]}