{"kappas_gp": [2.8136806847431677, 2.7863614239065355, 2.7269343753320454, 2.7095306465893554], "F_norms_gp": [49.57817051799701, 75.18639685410741, 104.1441003228194, 136.09920297532867], "dims_gp": [1638, 3768, 7230, 12348]}